101,1940,3,1,2019-06
84,1945,3,1,2020-02
104,1990,3,2,2019-11
89,1992,3,1,2019-10
63,2016,3,1,2019-12
81,5000,3,2,2019-05
110,15 1002,3,2,2019-02
97,20 1 2009,3,1,2019-05
86,2014 v 20 01 2015,3,1,2019-11
130,22 10,3,1,2019-11
76,28 04 2020,3,2,2020-04
71,31 12 2016,3,1,2019-10
99,31 12 2017,3,1,2019-09
86,31 12 2018,3,1,2019-05
194,3d,3,3,2019-09
72,3d,3,3,2020-03
83,abfall,3,1,2019-03
121,abfall,3,2,2019-07
57,abgeordnetenhaus,3,1,2019-03
127,abwass,3,2,2019-02
122,abwass,3,3,2019-06
92,afs,3,2,2020-04
105,agilis,3,1,2020-03
98,akteneinsicht,3,1,2020-02
84,alk,3,1,2020-04
107,alkis berlin,3,1,2020-05
97,alkis gebaud,3,2,2019-06
260,alkis gemeind,3,2,2019-11
82,alleinerzieh,3,1,2019-06
102,alleinerzieh,3,2,2019-08
65,alleinerzieh neukolln,3,2,2019-02
117,alt,3,3,2019-05
132,alt,3,2,2019-06
183,alt,3,2,2020-01
101,altersarmut,3,1,2019-05
121,altersarmut,3,2,2019-09
102,altersarmut,3,1,2020-05
81,altersgrupp,3,1,2019-07
206,altersstruktur,3,3,2019-05
115,altersstruktur,3,2,2020-05
85,altglas,3,1,2019-09
105,altglas,3,1,2020-01
82,am bauerse strreinigungsklass,3,1,2019-03
79,amt fur statist,3,1,2019-10
82,amt fur statist,3,1,2020-03
91,anlag,3,1,2020-03
201,anmeld grundschul,3,2,2019-03
143,api,3,2,2019-09
151,api,3,2,2019-10
64,apothek,3,1,2019-10
70,arbeit,3,2,2019-06
84,arbeit or behinder,3,1,2020-03
170,arbeitslosenquot,3,2,2019-10
171,arbeitslosenquot,3,2,2020-05
97,arbeitslosenquot in berlin nach bezirk,3,1,2019-07
129,arzt,3,3,2019-10
89,arzt lichtenberg,3,2,2019-02
522,arztedicht,3,3,2019-11
105,asyl,3,1,2019-05
76,atkis,3,1,2020-02
163,atkis,3,2,2020-05
79,atlas fur grz,3,1,2019-04
92,atom,3,1,2019-06
69,auktion,3,1,2019-02
107,auskunft aus dem liegenschaftskatast,3,1,2020-03
182,ausland,3,2,2019-03
92,ausland,3,1,2020-02
118,auto,3,1,2020-05
155,bad,3,3,2019-04
78,badestell,3,2,2019-06
157,bahn,3,3,2019-08
72,bahn,3,3,2019-09
265,bahnhof,3,2,2019-11
230,bar,3,2,2020-02
108,bauamt,3,2,2019-08
114,baublock,3,2,2019-09
102,baugrund,3,1,2020-01
110,baugrundkart,3,2,2019-11
288,baum,3,3,2020-03
125,baum wfs,3,2,2019-03
71,baumbestand,3,3,2020-02
88,baumbestand,3,1,2020-03
91,baumstandort,3,1,2019-04
102,beamt,3,1,2019-11
94,bebau,3,1,2019-08
117,bebauungssplan,3,2,2019-06
668,bebauungssplan,3,3,2019-08
81,bebauungssplan,3,1,2020-05
76,behinder,3,1,2019-06
104,beliebt nam,3,1,2020-05
72,beliebtestn,3,2,2020-05
172,bericht uber die gesundheit situation von frau die gesund jed frau und jed mann ist abhang von sozial okonom beruf und materiell beding lebenssituation,3,2,2020-02
67,berlin,3,2,2019-09
148,berlin,3,3,2020-04
74,berlin 1650,3,1,2019-02
103,berlin 1940,3,1,2019-09
88,berlin 1945,3,1,2019-10
105,berlin adress,3,1,2019-07
63,berlin bezirk,3,2,2019-10
74,berlin bezirk,3,1,2020-03
216,berlin de,3,3,2019-08
89,berlin hermsdorf wickhofgrab,3,1,2019-07
121,berlin k5,3,3,2019-11
65,berlin k5,3,1,2019-12
112,berlin k5,3,1,2020-03
75,berlin lichtenberg,3,1,2019-05
70,berlin mau,3,1,2019-03
71,berlin population,3,2,2020-04
86,berlin stadtschloss,3,1,2019-06
159,berlin strass,3,2,2019-04
83,berlin wfs,3,2,2019-06
93,berlin wunsdorf waldstadt,3,1,2019-11
274,berlinonlin,3,2,2019-11
375,berufskrank,3,3,2019-03
161,bevolker,3,3,2019-08
112,bevolker,3,3,2019-10
71,bevolker,3,1,2020-01
61,bevolker berlin,3,1,2019-03
79,bevolker lor,3,1,2019-07
96,bevolkerungsprognos,3,2,2019-03
67,bewegungsangebot,3,2,2019-10
179,bezirk einwohn,3,3,2019-10
165,bezirk shp,3,2,2019-06
279,bezirksamt,3,2,2019-11
186,bezirksgrenz,3,2,2019-05
114,bezirksgrenz,3,1,2020-04
349,bezirksregion,3,3,2020-04
50,bezirksregion von treptow kopenick,3,1,2019-02
94,bib,3,1,2019-06
157,bibliothek,3,2,2020-02
190,bibliothek,3,2,2020-03
99,bien,3,1,2019-04
162,bildung,3,2,2020-05
213,bimschg antrag,3,2,2020-03
78,biodiversitat,3,1,2019-08
81,biomull,3,2,2019-06
115,block,3,2,2019-12
80,block und blockteilflach basis,3,1,2019-06
122,bod,3,2,2019-09
99,bod,3,1,2019-11
77,bod,3,1,2020-01
58,bod wms,3,3,2019-12
100,bodenart,3,1,2020-01
107,bodenrichtwert 2020,3,2,2020-04
91,bodenrichtwertatlas,3,1,2019-05
110,boundary,3,1,2019-04
45,brandschutz,3,2,2019-02
71,breakdanc,3,1,2019-12
159,breitbandversorg,3,2,2020-05
62,brennpunktschul,3,1,2019-10
132,briefkast standort,3,2,2020-03
138,briefwahlbezirk,3,2,2020-02
58,brunn,3,2,2019-02
139,brunn,3,3,2019-11
79,brunn,3,2,2020-02
89,building,3,1,2020-02
224,building,3,2,2020-03
94,bundestagswahl 2017,3,1,2020-01
233,burgeramt,3,2,2019-05
175,burogebaud,3,2,2019-08
208,bus,3,2,2019-03
177,bvg,3,2,2019-07
139,bvg,3,2,2020-01
125,bvg,3,3,2020-02
207,carsharing,3,2,2019-11
64,chidi,3,2,2019-09
110,construction,3,1,2020-02
73,cov,3,1,2020-03
102,covid,3,3,2020-03
356,coworking,3,3,2019-03
68,csv,3,2,2019-10
519,csv kart,3,3,2020-04
87,dat fur spandau,3,1,2020-01
138,datenforens,3,2,2019-10
185,datenschutz,3,2,2019-03
139,demograph,3,2,2019-02
194,demograph,3,2,2019-05
108,denkmal,3,2,2019-11
70,denkmalschutz,3,3,2019-10
95,deutschland,3,1,2020-05
93,dezibel,3,2,2019-02
97,dgm,3,3,2019-03
111,dgm,3,2,2019-10
299,dgm,3,3,2020-01
77,dgm1,3,2,2019-08
89,die gebaud,3,1,2020-04
222,digital orthophotos auflos 20 cm,3,2,2020-04
123,direction id,3,2,2019-04
102,dom,3,2,2019-07
231,dom,3,2,2020-01
93,dop,3,2,2019-05
160,dop,3,2,2019-06
75,dop,3,1,2019-12
93,dop,3,2,2020-04
111,dop 2016,3,1,2019-08
80,dop 2019,3,1,2019-12
273,e bik,3,2,2020-02
122,e mobillity,3,3,2019-12
248,e mobillity,3,2,2020-02
71,echtzeit,3,1,2019-02
70,eier,3,1,2020-02
88,eingliederungshilf,3,1,2019-05
85,einkauf,3,1,2019-10
177,einkomm,3,2,2019-09
219,einkomm,3,2,2020-05
89,einkomm stadtteil,3,2,2019-11
96,einkomm und einnahm,3,1,2019-09
85,einkommensgrupp,3,1,2020-04
106,einschul,3,2,2020-05
130,einschulbereich,3,2,2019-08
188,einschulbereich,3,3,2020-01
62,einschulungsuntersuch,3,1,2019-02
88,einwohn,3,3,2019-02
204,einwohn,3,3,2020-01
78,einwohn 2015,3,3,2020-03
91,einwohn 2015,3,1,2020-04
69,einwohn 2017,3,3,2019-04
199,einwohn 2017,3,2,2019-05
74,einwohn 2017,3,2,2019-06
113,einwohn in den ortsteil berlin am,3,1,2020-03
179,einwohn lor planungsraum,3,2,2020-04
102,einwohn ortsteil,3,1,2019-04
71,einwohnerdicht,3,3,2019-09
104,einwohnerinn und einwohn mit migrationshintergrund,3,2,2019-02
128,einwohnerinn und einwohn mit migrationshintergrund in berlin in lor planungsraum,3,2,2019-02
68,einwohnerzahl,3,2,2019-04
460,einwohnerzahl,3,3,2020-05
240,einzelhandel,3,2,2019-11
194,eiproduktion,3,2,2020-02
229,elektroladesaul,3,2,2020-05
109,emission,3,2,2019-12
336,empfang,3,3,2019-09
156,energi,3,2,2019-07
70,energi,3,1,2019-12
158,energi wms,3,2,2019-08
103,energieatlas,3,3,2020-01
69,energieverbrauch,3,3,2019-08
83,energieverbrauch,3,2,2019-09
325,energieverbrauchsubersicht,3,3,2020-03
100,entsorg,3,1,2019-07
54,erbbaubelastet grundstuck,3,1,2019-02
82,erhaltungssatz,3,1,2020-05
175,ernst fisch,3,2,2019-07
61,erwerbslosenzahl,3,1,2019-02
209,europawahl,3,2,2019-07
146,europawahl 2019,3,3,2019-04
133,facharzt,3,2,2019-03
106,fahrgast,3,3,2019-11
136,fahrplan,3,3,2019-10
140,fahrplan de vbb berlin brandenburg de,3,2,2019-08
83,fahrplan vbb brandenburg rb 63 de,3,1,2019-08
140,fahrradstand,3,3,2019-12
84,fahrradunfall,3,1,2019-10
204,fahrradverkehr,3,2,2019-12
156,feiertag,3,2,2019-02
203,feiertag,3,2,2019-10
100,feldkapazitat,3,1,2019-11
126,fennpfuhl,3,2,2019-11
101,festival,3,1,2020-04
76,finanz,3,1,2019-09
194,fis,3,3,2019-08
114,fitnesstudio,3,2,2019-11
277,flach bezirk,3,3,2020-04
148,flachennutz,3,2,2020-05
504,flachennutzungsplan,3,3,2019-08
198,flohmarkt,3,2,2020-01
96,flughaf,3,1,2019-08
101,fluglarm bbi,3,2,2019-09
114,flugverkehrsanlag,3,1,2020-05
277,flurstuck,3,2,2020-02
178,flurstuck,3,2,2020-04
95,flurstuckkart,3,1,2019-09
103,flurstuckubersicht karlshorst,3,1,2019-05
119,fluss in der nah der museumsinsel,3,2,2020-01
77,fnp,3,3,2019-03
99,fragebog zur steu erfass,3,1,2020-02
238,frau,3,2,2020-02
85,friedhof,3,1,2019-08
118,friedrichshain,3,1,2020-03
205,friedrichshain kreuzberg,3,3,2019-11
89,funkturm,3,1,2019-12
102,gart,3,2,2019-03
97,gas,3,1,2019-04
98,gebaud shp,3,2,2019-12
259,gebaud shp,3,2,2020-01
96,gebaudealt,3,3,2019-04
107,gebaudenutz,3,1,2019-05
90,gebaudeumriss,3,1,2019-05
101,gebiet,3,1,2020-05
92,geburt in berlin,3,1,2019-09
216,gedenktafel,3,2,2020-02
203,gelandehoh,3,2,2019-03
563,gelandehoh,3,3,2020-02
142,gelandemodell,3,3,2019-05
199,gemark,3,3,2019-07
77,gemark,3,2,2020-02
192,gemark kreuzberg friedrichshain,3,2,2019-08
87,geobasisdat,3,1,2019-04
104,geodat,3,1,2020-01
96,geodat,3,1,2020-05
87,geodat luftbild,3,1,2020-04
71,geodat ortsteil,3,1,2019-03
73,geojson,3,1,2019-02
170,geojson,3,2,2019-06
99,geolog aufbau berlin,3,2,2020-04
55,geolog bohrdat,3,1,2019-02
92,geologi,3,3,2019-08
85,geologi,3,1,2020-05
74,geometri der wahlbezirk,3,1,2019-07
83,geonutzv,3,1,2019-12
255,geoportal,3,2,2019-04
111,geschicht,3,1,2020-05
74,geschlecht alt,3,1,2019-03
127,gesundheitsamt,3,2,2020-04
319,gewalt geg frau,3,3,2019-03
66,gewass,3,2,2019-03
82,gewass,3,2,2019-05
194,gewass,3,2,2019-07
68,gewass,3,2,2020-04
71,gewerb,3,2,2019-04
86,gewerbegebiet,3,1,2019-08
185,gewerbemiet,3,2,2019-04
105,gis,3,3,2019-04
170,gis,3,3,2019-08
152,gis,3,3,2020-04
150,glas,3,3,2019-11
217,grenz,3,3,2019-11
78,grenz,3,2,2020-04
79,grenz,3,1,2020-05
98,grid,3,1,2020-05
168,grun,3,3,2019-11
80,grun,3,2,2020-04
77,grun gebiet,3,1,2019-09
146,grunanlag,3,3,2019-05
57,grunanlag,3,2,2019-12
80,grunau,3,1,2020-05
627,grunbestand,3,3,2020-05
95,grundbuchamt,3,1,2020-04
116,grunddat der schul,3,1,2020-05
154,grundschul,3,3,2019-02
370,grundschul,3,3,2019-08
193,grundung,3,2,2020-03
168,grundwass,3,3,2019-08
70,grundwass,3,1,2019-09
108,grundwass flurabstand,3,1,2020-03
83,grundwass tief um berlin landkart,3,1,2019-07
97,grundwassergleich,3,2,2019-08
86,grundwassergleich,3,2,2020-02
168,grunflach,3,3,2019-12
250,grw,3,3,2020-01
186,gutacht,3,2,2019-07
362,guterverkh,3,3,2020-01
391,haltestell,3,3,2019-03
214,haltestell,3,3,2019-04
175,haltestell,3,3,2019-09
323,haltestell,3,3,2019-12
143,haltestell vbb,3,2,2019-12
100,hamburg bahnhof,3,1,2020-04
120,haushalt,3,2,2019-04
184,haushalt,3,2,2020-01
228,haushaltseinkomm,3,2,2019-09
67,haushaltseinkomm,3,2,2020-02
84,haushaltswirtschaft,3,1,2019-03
109,hauskoordinat,3,3,2019-08
79,hausnumm,3,1,2019-12
81,henningsdorf,3,1,2019-11
160,histor kart,3,2,2019-03
246,hobrechtstrass,3,2,2020-01
75,hochschul,3,1,2019-02
118,hochzeit,3,3,2019-10
237,hoh,3,2,2020-01
192,hotel,3,2,2019-10
275,hotel,3,2,2020-02
89,hotel,3,2,2020-05
242,hund,3,3,2019-10
261,hund,3,2,2020-05
120,immobilienmangement,3,2,2020-02
100,immobilienmarkt,3,1,2019-08
229,inobhutnahm,3,2,2019-11
82,inspir,3,1,2019-11
159,internet,3,3,2020-04
152,invalidenstrass,3,2,2019-06
94,ix 193,3,1,2019-09
200,job,3,2,2020-04
76,json,3,3,2019-10
128,jugend,3,2,2019-06
107,jugend,3,1,2019-11
102,jugend,3,1,2020-04
94,jugendamt,3,1,2020-03
176,k5,3,3,2019-05
115,kampfmittelfind luftbild,3,1,2019-11
179,kart,3,2,2019-05
147,kart vermess,3,2,2019-07
92,kaufkraft,3,2,2019-11
240,kerndatensatz,3,2,2020-03
158,kerngebiet,3,2,2020-01
159,kind,3,3,2020-02
168,kindergart,3,2,2019-09
239,kindergart,3,3,2020-01
113,kindergart,3,1,2020-05
140,kindertagespflegestell,3,2,2020-03
123,kindertagesstatt,3,2,2019-03
328,kindertagesstatt,3,3,2019-11
96,kita,3,2,2019-02
118,kita,3,3,2019-05
69,kita,3,2,2019-12
83,kleingartenanlag,3,1,2019-05
84,kleinraum,3,1,2019-09
481,klimanotlag,3,3,2020-02
101,kml,3,1,2019-07
116,kml,3,1,2019-08
79,kmu,3,1,2019-03
232,kochan,3,2,2020-04
95,koordinat,3,2,2019-03
91,koordinat,3,1,2020-02
162,kreuzberg,3,3,2019-07
77,kreuzberg,3,2,2019-12
165,kriegsluftbild,3,2,2019-12
95,kriminalitat,3,2,2019-05
205,kriminalitat,3,3,2019-09
246,kriminalitat,3,2,2020-03
240,kriminalitat,3,3,2020-05
103,kuckuckstrass 19,3,1,2019-07
59,kunst,3,1,2019-02
179,kunst,3,2,2019-11
115,ladestation,3,2,2019-08
395,ladestation,3,3,2020-01
97,lageplan,3,2,2019-02
87,lageplan,3,1,2019-08
73,lageso,3,1,2020-05
64,lapro,3,2,2019-07
101,larm,3,3,2019-04
70,larm,3,2,2019-07
211,larm,3,3,2020-01
241,las,3,3,2020-03
535,lebensmittel einzelhandel,3,3,2020-03
194,lebenswelt orientiert raum,3,2,2019-06
153,lebenswelt orientiert raum,3,3,2019-09
99,lebenswelt orientiert raum,3,1,2020-01
106,lep,3,1,2019-08
79,lep,3,1,2019-11
70,licht,3,3,2019-08
84,lichtenberg,3,1,2019-06
113,lichtenberg,3,2,2019-09
93,liegenschaft,3,3,2019-08
88,liegenschaftskart,3,1,2019-06
79,liegenschaftskatast,3,2,2020-01
132,liegenschaftskatast,3,2,2020-05
69,lini,3,1,2019-07
84,list beliebt vornam jung,3,1,2019-05
226,list der haufig vornam,3,2,2019-05
95,list der haufig vornam,3,1,2020-01
110,list der haufig vornam,3,1,2020-05
106,list der haufig vornam 2018 friedrichshain kreuzberg,3,1,2019-04
112,lkw,3,1,2020-04
117,locker,3,1,2020-05
111,lod1,3,1,2019-04
183,lod1,3,3,2019-05
154,lohn,3,2,2019-12
99,lor,3,3,2020-05
81,lor einwohn,3,2,2019-03
197,lor kml,3,2,2020-03
68,lor planungsraum,3,1,2020-02
177,lor planungsraum,3,2,2020-04
229,lor planungsraum 2017,3,2,2019-04
212,loschwass auskunft,3,2,2020-05
188,lsa,3,2,2019-12
52,luft,3,2,2019-02
75,luft,3,2,2020-03
70,luftbild,3,2,2019-02
190,luftbild 1945,3,2,2019-12
104,luftbild pankow,3,1,2020-03
81,luftgut,3,1,2020-01
126,luftqualitat,3,2,2019-05
175,luftreinhalteplan,3,2,2020-02
179,madchennam berlin 2018,3,2,2019-12
114,markt,3,2,2019-12
87,marzahn hellersdorf,3,2,2020-02
236,mas,3,2,2019-11
76,mein handy recyceln,3,1,2020-03
147,messstell und schildhorn,3,2,2020-04
148,miet,3,2,2019-03
82,mietendeckel,3,1,2019-12
53,mietpreis,3,2,2019-02
166,mietspiegel,3,2,2019-04
73,mietspiegel,3,2,2019-12
87,migration,3,3,2019-10
92,migrationshintergrund,3,1,2019-05
71,milieuschutz,3,2,2019-07
154,milieuschutzgebiet,3,2,2019-03
98,mischgebiet wallenrod str,3,1,2019-08
119,mitt,3,3,2020-03
182,moabit,3,2,2019-06
106,mobilitat,3,3,2019-09
141,modulbau,3,2,2019-02
134,mokib,3,2,2019-03
121,mokib mokib modular kita baut fur berlin,3,1,2020-03
133,mortalitat,3,2,2019-10
98,mortalitat,3,2,2020-04
120,mull,3,1,2019-11
144,mull,3,3,2020-02
79,mulltrenn,3,2,2019-06
94,muse,3,1,2020-04
237,nam,3,2,2019-04
105,nam,3,1,2019-08
97,nam,3,2,2020-03
48,naturschutzrecht,3,1,2019-02
46,netz,3,3,2019-02
95,neufertstrass,3,1,2019-11
124,neukolln,3,2,2019-03
204,neukolln,3,2,2020-04
111,neukolln sozialhilf,3,1,2020-04
77,niederdorfeld,3,1,2020-04
100,notbetreu,3,2,2020-03
60,odis,3,3,2019-04
65,offent,3,1,2019-03
85,offent altpapiercontain,3,1,2020-02
122,offent beleucht,3,1,2019-11
77,olympiastadion,3,1,2019-11
77,opf,3,1,2019-02
82,opnv,3,3,2019-09
111,orthographi,3,1,2020-02
70,orthophoto,3,1,2019-05
147,ortsteil,3,3,2019-08
97,ortsumfahr ahrensfeld,3,1,2020-01
131,ostberlin,3,2,2019-05
90,pankow,3,3,2019-08
165,pankow,3,3,2019-11
116,paris abkomm,3,2,2019-06
127,park,3,3,2019-05
105,park,3,3,2019-06
167,park,3,3,2020-03
83,parking,3,1,2019-11
431,parkplatz,3,3,2019-04
413,parkplatz,3,3,2019-05
189,parkplatz,3,3,2020-05
241,parkraum,3,3,2019-11
595,parkraumbewirtschaft,3,3,2019-11
78,pdf,3,1,2019-05
72,pegel,3,1,2019-02
91,personal,3,1,2019-08
67,pfleg,3,1,2019-05
99,pflegeeinricht,3,1,2019-05
78,pflegeheim,3,2,2019-03
99,photovolta,3,1,2020-03
123,pkw fuhrerschein,3,1,2020-03
316,planungsraum,3,3,2020-04
108,planunterlag zehlendorf,3,1,2020-05
64,platz,3,3,2019-05
172,plz,3,3,2019-05
86,plz,3,1,2019-10
400,plz,3,3,2020-01
128,plz,3,3,2020-03
74,polizei,3,3,2019-05
88,postleitzahl berlin,3,1,2020-04
87,postleitzahl brandenburg,3,1,2019-09
201,prami,3,2,2020-05
176,preis,3,2,2019-11
140,preis,3,3,2020-01
359,profiskal,3,3,2019-04
103,property,3,1,2020-05
141,qualitat gebaud,3,2,2020-03
79,rad,3,2,2019-08
127,rad,3,3,2019-09
205,rad,3,3,2020-05
152,radfahr,3,3,2019-05
598,radfahr,3,3,2020-03
189,radrout,3,2,2019-08
69,radrout,3,2,2019-10
134,radverkehr,3,3,2019-04
99,radverkehr,3,3,2019-08
73,radverkehrsanlag,3,3,2019-09
132,radverkehrsanlag,3,3,2019-10
136,radweg,3,2,2019-06
98,radweg,3,3,2019-07
185,radweg,3,3,2020-05
215,rbs adress,3,3,2019-05
67,rbs adress,3,2,2020-04
111,rbs block,3,3,2019-05
145,rbs block,3,3,2019-09
248,rbs ortsteil,3,2,2019-04
184,rbz,3,3,2019-07
228,real nutzung,3,3,2019-11
73,regenwass,3,1,2019-10
68,reinickendorf,3,2,2019-05
88,religion,3,2,2019-03
102,religion,3,2,2020-02
119,religion und lebenskundeunterricht,3,1,2019-11
180,religionsgemeinschaft,3,2,2019-03
121,restaurant,3,2,2019-04
245,restaurant,3,2,2019-11
64,richtwert fur stellplatzbedarf,3,1,2019-02
167,road,3,3,2020-05
135,roll,3,2,2020-02
103,rollstuhl,3,1,2019-04
109,rrechtsverordn zum coronavirus,3,1,2020-03
160,sachgrundlos befrist,3,2,2019-12
152,satellit,3,2,2020-05
201,schoneberg,3,2,2019-10
129,schonhorsterstrass,3,2,2019-12
87,schul,3,2,2020-03
91,schulamt friedrichshain,3,1,2019-06
112,schulbau,3,1,2019-08
168,schuless,3,2,2019-04
75,schulsprengel,3,3,2019-04
165,schutzgebiet,3,2,2019-08
209,schwangerschaft,3,2,2019-05
125,schwangerschaftsabbruch,3,2,2019-05
204,schwimmbad,3,2,2019-10
210,scoot,3,3,2019-08
145,sehenswurd,3,2,2020-03
154,senat,3,2,2019-10
155,senatsbeschluss 28 03 2019,3,2,2019-05
113,senatsbeschluss 28 03 2019,3,1,2019-08
106,senatsbeschluss aus dem dezemb 2019,3,1,2020-01
128,senatsbeschluss investitionsprogramm,3,1,2019-11
179,senatsbeschluss or besold,3,2,2019-04
66,senatsverwalt fur wirtschaft technologi und forschung,3,1,2019-10
355,senatsvorlag der senatsverwalt fur stadtentwickl und wohn,3,3,2019-06
175,sgb ii,3,2,2019-06
117,shap,3,2,2020-03
66,shp,3,2,2019-07
98,shp,3,1,2020-03
77,shp,3,1,2020-05
221,siedlung otto,3,2,2019-07
187,simplesearch,3,3,2019-11
556,sinkkast,3,3,2020-03
211,sozial,3,3,2019-11
448,sozial wohnungsbau,3,3,2020-01
91,sozialdat,3,1,2020-01
80,sozialstruktur,3,2,2019-05
190,sozialstrukturatlas,3,2,2019-03
155,sozialstrukturatlas,3,3,2019-07
94,spandau,3,2,2020-02
212,spielplatz,3,2,2019-06
114,spielplatz,3,1,2019-08
229,sportangebot,3,3,2019-05
228,sportplatz,3,3,2020-05
262,stadtbahnbog,3,2,2020-02
220,stadtbibliothek,3,2,2019-11
68,stadtentwickl statist,3,1,2019-06
201,stadtmodell,3,2,2019-12
111,stadtplan,3,2,2019-06
84,stadtplan,3,1,2019-07
109,stadtplan,3,3,2019-11
254,stadtstrukturtyp,3,2,2019-11
537,stadtteil,3,3,2019-06
203,stadtteil,3,3,2020-01
292,stadtteil,3,3,2020-02
85,standort,3,2,2019-05
93,standort,3,1,2020-03
638,startup,3,3,2019-09
79,startup,3,2,2020-03
85,station,3,3,2019-07
86,statist block,3,1,2020-01
118,statist erhebungsbog,3,2,2020-04
263,statist gebiet,3,2,2020-02
80,steglitz,3,2,2020-01
98,stellenausschreib,3,1,2019-06
61,stolperstein,3,1,2019-12
105,stolperstein kafka,3,1,2019-09
90,strass berlin,3,1,2020-01
63,strassenbahn,3,2,2019-07
490,strassenbaum,3,3,2020-03
238,strassenbefahr,3,3,2019-04
81,strassenbefahr,3,1,2019-12
86,strassenbefahr,3,1,2020-05
215,strassenbrunn,3,2,2020-02
90,strassennetz,3,2,2019-04
82,strassenverkehr,3,1,2019-04
104,strategi,3,1,2019-07
98,strom,3,1,2019-05
89,stromatlas,3,1,2019-06
238,stromkast,3,3,2019-08
64,stuttgart platz,3,1,2019-12
150,suchbegriff,3,2,2020-01
75,suizid,3,2,2019-03
208,supermarkt,3,2,2019-09
260,tankstell,3,3,2019-03
72,taxi,3,3,2020-01
72,taxi,3,2,2020-04
163,tempelhof,3,2,2020-03
73,tempelhof schoneberg,3,1,2019-03
195,tempelhof schoneberg,3,2,2020-04
117,temperatur,3,1,2019-11
68,temperatur,3,1,2020-01
200,tempohom,3,2,2019-04
256,tempolimit,3,2,2019-03
281,tier,3,2,2019-11
86,tiergartenstrass 9 berlin,3,1,2019-12
221,toilett,3,3,2020-05
113,topograph,3,1,2019-11
86,tourismus,3,3,2019-04
143,tourismus,3,2,2019-05
398,treptow kopenick,3,3,2019-11
152,trinkbrunn,3,2,2019-07
183,trinkbrunn,3,3,2020-05
74,trinkwass,3,3,2019-11
89,tunnel,3,1,2019-09
101,tvo,3,1,2020-01
343,u bahn,3,3,2019-09
88,u bahn,3,3,2019-11
97,umland,3,1,2019-09
77,umwelt,3,2,2019-10
90,umweltatlas wfs,3,1,2019-07
87,umweltplan,3,1,2020-05
204,umweltzon,3,2,2019-11
116,unfall,3,2,2019-12
257,unfall,3,2,2020-01
139,unisex toilett,3,2,2019-07
196,unterkunft,3,2,2019-05
80,valetta,3,1,2019-10
82,vbb berlin brandenburg fahrplan gesundbrunn templin de,3,1,2019-08
83,vegetation wms wfs,3,1,2020-03
149,veranstaltun,3,3,2019-05
67,verbrech,3,2,2019-12
79,verbrech,3,2,2020-04
73,verkehr berlin,3,2,2020-01
63,verkehrsaufkomm,3,1,2019-02
87,verkehrsmittel,3,2,2019-07
224,verkehrsunfall,3,2,2019-07
72,verkehrszeich,3,1,2019-10
63,verwaltungsreform,3,1,2019-03
195,visit,3,3,2019-12
221,volksf,3,2,2020-03
250,volkshochschul,3,2,2019-03
75,volkswirtschaft gesamtrechn pharmazeut industri,3,1,2019-06
218,volontariat kunst werk berlin,3,2,2019-09
136,vornam,3,2,2020-03
109,vornam neugebor berlin,3,1,2019-07
87,wahl,3,1,2019-06
179,wahl,3,2,2019-07
82,wahl,3,1,2020-04
147,wahlberechtigt,3,2,2019-04
80,wahlergebnis,3,1,2019-08
356,wahllokal tempelhof,3,3,2019-05
204,waldgartenprojekt neukolln britz,3,2,2019-09
169,wanderungssaldo,3,2,2020-05
270,warmwasserverbrauch,3,2,2019-11
177,wass,3,2,2019-03
73,wass,3,2,2020-04
123,wassersp,3,1,2019-11
73,wcs,3,1,2019-05
97,weg,3,2,2019-11
132,weihnachtsmarkt,3,3,2019-12
201,weissense,3,2,2019-07
73,westkreuz,3,2,2019-11
96,wett,3,2,2019-05
242,wett,3,2,2019-08
62,wfs,3,1,2019-04
95,wfs erhol,3,1,2019-06
67,wfs ortsteil,3,1,2019-03
154,wilmersdorf,3,2,2020-05
75,wms,3,1,2019-08
83,wms luftbild,3,1,2020-01
76,wohndau,3,1,2019-04
78,wohndau,3,3,2019-11
106,wohnflach,3,1,2020-04
98,wohngeld,3,2,2019-10
138,wohnlag,3,2,2019-09
77,wohnlagenkart,3,2,2020-03
541,wohnung,3,3,2019-05
155,wohnung,3,2,2019-11
224,wohnungsbau,3,3,2020-01
64,zaa,3,2,2019-04
80,zeit,3,1,2020-02
72,zensus 2011,3,2,2020-02
228,zip,3,2,2020-03
239,zip cod,3,2,2020-03
104,zugriffsstatist,3,2,2019-09
70,zugriffsstatist,3,3,2020-01
153,zuwend,3,2,2019-12
165,zweckentfremd,3,3,2019-05
32,1002,4,2,2019-02
59,1910,4,1,2019-04
59,2015,4,1,2020-01
60,2014 v 20 01 2015,4,1,2020-03
65,2017 verkehr,4,1,2019-11
107,3d,4,3,2019-07
66,3d,4,3,2019-08
58,abfall,4,3,2019-11
64,abfall,4,1,2020-01
58,abfallabfuhr,4,1,2020-01
167,abfluss,4,2,2019-10
216,abwass,4,3,2019-04
124,adress,4,3,2019-06
248,adress kitas,4,3,2019-07
58,adzahl,4,1,2019-10
54,aktenplan,4,1,2019-08
202,aktuell einwohnerzahl,4,3,2019-11
67,alleinerzieh,4,2,2020-01
51,alt,4,3,2019-09
156,alt,4,4,2020-05
44,alt friedhof wuhlgart,4,1,2019-07
227,altpapiercontain,4,2,2020-02
187,ampel,4,2,2019-06
46,ampel,4,1,2020-03
217,anderungsbeschluss zweckentfremdungssatz,4,2,2019-05
201,anteil radfahr,4,2,2020-02
35,api,4,1,2019-02
69,api,4,2,2020-01
162,arbeitslos,4,3,2019-12
736,arbeitslosenquot,4,4,2019-03
98,armut,4,3,2020-01
152,arzt,4,2,2019-11
178,atkis hund,4,2,2019-10
51,atz,4,1,2019-08
170,ausgleichsfach,4,2,2019-09
157,ausschreib,4,3,2019-12
41,baby,4,2,2019-02
222,babynam,4,3,2020-02
38,badestell,4,3,2019-02
118,badestell,4,3,2019-08
118,badestell,4,3,2019-11
214,bank,4,3,2019-06
114,baublock,4,4,2020-01
203,baumbestand berlin,4,2,2019-08
151,baunvo,4,2,2019-11
64,bdom,4,2,2020-04
195,bebauungssplan,4,2,2019-05
167,bebauungssplan,4,4,2019-07
171,bebauungssplan,4,3,2020-04
181,begegnungszon,4,2,2019-03
54,beliebt vornam,4,1,2019-05
100,berg,4,2,2019-03
46,berlin,4,2,2019-10
105,berlin bezirk,4,2,2019-11
50,berlin bezirksgrenz,4,1,2019-03
55,berlin kanaldeckel,4,1,2020-03
236,berlin landkart 1900,4,2,2020-02
112,berlin stadtplan,4,2,2020-05
37,berlin strass,4,1,2019-02
75,berlin um 1690,4,2,2019-07
54,berlin wasserbetrieb,4,1,2019-04
147,berlinonlin,4,2,2020-05
157,beschluss,4,2,2019-02
39,beschluss v 2018,4,1,2019-02
113,bevolker,4,4,2019-02
54,bevolker,4,3,2019-09
68,bevolker,4,2,2019-12
61,bevolker lor,4,1,2019-09
81,bevolkerungsdicht,4,3,2019-10
208,bevolkerungsdicht,4,2,2020-01
235,bezirk berlin,4,2,2020-02
138,bezirksgrenz,4,3,2019-03
67,bezirksgrenz,4,3,2019-06
52,bezirksgrenz,4,1,2019-07
180,bezirksgrenz,4,3,2020-03
65,bezirksgrenz,4,2,2020-05
56,bezirksregion,4,1,2019-04
52,bik sharing,4,1,2019-10
52,bildung,4,1,2020-04
128,biotop,4,2,2019-10
47,blindang,4,1,2020-03
68,blindang pankow,4,1,2020-03
65,block,4,4,2019-04
97,blockkart,4,2,2020-04
55,blockkart,4,1,2020-05
90,blockteilschlussel berlin weissense,4,2,2019-10
48,bod,4,1,2019-05
109,bodenrichtwert,4,2,2020-05
56,brandenburg,4,1,2019-10
245,breitbandverfugbar gewerb berlin lor,4,2,2020-05
54,breitbandversorg,4,1,2020-03
226,breitscheidplatz,4,3,2020-02
159,brunn,4,2,2019-03
91,brunn,4,2,2019-09
113,buch,4,4,2019-07
58,budget,4,1,2019-06
172,bundestagswahl,4,4,2019-03
44,bus,4,4,2019-06
59,bw volksf,4,1,2019-10
75,charlottenburg wilmersdorf,4,3,2019-11
60,charlottenburg wilmersdorf,4,2,2020-02
202,chorinerstrass,4,2,2019-08
60,co2,4,1,2019-07
200,coronahilf,4,2,2020-03
131,covid,4,4,2020-05
47,denkmal,4,2,2019-10
51,detailnetz,4,2,2019-04
69,detailnetz berlin,4,1,2019-11
51,dgm,4,2,2020-05
248,dgm5,4,2,2020-03
345,dieselfahrverbot,4,4,2019-03
64,digital color infrarot orthophotos,4,1,2020-05
132,digital orthophotos,4,2,2019-04
51,dom,4,2,2020-03
52,dop,4,1,2019-08
56,echtzeit,4,3,2019-12
59,einkomm,4,2,2019-06
227,einschulbereich,4,3,2019-07
74,einwohn,4,3,2019-09
123,einwohn 2015,4,2,2019-10
63,einwohn lor planungsraum 31 12 2018,4,1,2020-03
50,einwohn or wohn or 2018,4,1,2020-03
52,einwohn ortsteil,4,1,2019-03
54,einwohnerdicht,4,2,2019-06
40,einwohnerinn und einwohn,4,1,2019-10
58,einwohnerinn und einwohn in berlin in lor planungsraum am einwohnerinn und einwohn in berlin in lor planungsraum am,4,1,2020-02
163,einwohnerzahl,4,3,2020-02
140,einwohnerzahl 2019,4,2,2020-05
106,elektro,4,2,2019-07
31,energi,4,4,2019-02
96,energi,4,2,2020-03
96,energieverbrauch,4,2,2019-07
62,energieverbrauch,4,1,2020-03
29,energieverbrauchsubersicht,4,3,2019-02
84,erdrutsch,4,2,2020-05
49,event,4,1,2019-10
48,fahrrad teil,4,1,2019-10
60,fahrradrout,4,2,2019-09
51,fairtrad,4,1,2019-05
42,famfz 2017,4,2,2019-07
92,fest,4,4,2020-01
76,finanz,4,2,2019-03
188,fisch,4,2,2019-07
116,flach shp,4,2,2019-11
54,flachengross,4,1,2020-01
55,flachennutzungsplan,4,1,2020-02
59,flurabstand,4,1,2020-03
153,flurkart,4,2,2020-01
64,flurkart,4,3,2020-03
572,flurstuck,4,4,2020-05
158,flurstuck marzahn,4,2,2019-04
56,flurstucksgrenz,4,1,2020-01
409,friedrichshain,4,4,2019-03
93,friedrichshain kreuzberg,4,2,2020-01
125,fussgang,4,3,2019-11
136,gebaud,4,4,2019-05
80,gebaud,4,2,2019-09
55,gebaud,4,2,2019-11
101,gebaud effizienz,4,2,2019-03
40,gebaudeschad,4,1,2020-01
57,gebiet,4,1,2019-11
55,gelandehoh,4,1,2020-01
54,gelandehoh,4,2,2020-04
67,geltungsbereich,4,3,2019-08
70,gemeind,4,3,2019-11
337,genossenschaft,4,4,2019-11
214,geo,4,4,2019-03
167,geodat,4,3,2019-03
74,geodat,4,4,2019-04
170,geodat,4,2,2019-11
58,geojson,4,3,2019-05
115,geojson,4,4,2019-10
47,geojson,4,4,2020-01
100,geometri bezirk,4,2,2019-06
76,geoportal,4,3,2019-08
90,gesund,4,2,2020-03
258,gesundheitsamt,4,2,2020-02
50,gewass,4,1,2020-05
101,gis,4,4,2019-10
46,glascontain in wedding,4,1,2019-12
168,glascontain in wilmersdorf,4,2,2020-05
81,grenz,4,2,2019-08
169,grenz,4,3,2019-12
143,grosssiedl,4,3,2020-01
150,grundschul,4,3,2019-09
53,grundsicher,4,2,2019-06
111,grundwass tief buchholz,4,2,2019-07
55,grundwass tief fransoch buchholz,4,1,2019-07
63,grundwassergleichenkart,4,1,2019-08
49,grundwasserstand,4,1,2020-04
159,grunflach,4,4,2019-07
158,grw,4,4,2019-09
94,gtfs,4,4,2019-03
59,haltestell,4,3,2019-08
224,haufig vornam,4,2,2020-05
80,haus,4,2,2019-04
88,haus,4,4,2020-01
122,hausarzt,4,3,2019-10
72,haushalt,4,3,2019-06
66,haushaltseinkomm,4,1,2019-06
64,haushaltsplan,4,3,2019-08
52,heizung,4,1,2019-12
71,hobrecht,4,2,2020-05
62,hochschulpakt,4,1,2019-05
238,hotel,4,2,2019-03
178,hund,4,4,2019-11
51,hydrant,4,2,2019-02
62,hydrogeologi,4,1,2020-04
85,immobili,4,2,2019-03
52,immobili,4,3,2020-02
76,immobili,4,3,2020-05
104,informationsschreib energiespar bau,4,2,2020-04
61,jugend,4,1,2020-05
202,jugend meinung,4,2,2020-04
200,kameral,4,3,2019-03
75,kanalisation,4,2,2020-05
115,kart,4,2,2019-02
96,kart,4,3,2019-10
141,kart 1942,4,3,2020-01
87,kart 5000,4,3,2019-05
41,kfz,4,1,2019-12
51,kfz,4,2,2020-02
65,kfz,4,2,2020-03
40,kindertag,4,4,2019-03
143,kindertagesstatt,4,2,2019-07
42,kindertagesstatt,4,2,2020-01
100,kleidercontain,4,2,2019-05
230,klimanotlag,4,2,2020-03
57,kml,4,1,2019-06
54,koordinat,4,1,2019-07
367,koordinat,4,4,2020-04
44,kopen,4,1,2019-02
153,kopenick erholungsgebiet,4,2,2019-07
48,kriminal,4,3,2019-12
82,kriminal,4,4,2020-01
85,kriminalitat,4,3,2019-04
99,kriminalitat,4,4,2019-06
64,kriminalitat,4,3,2019-11
86,kulbeweg,4,2,2020-04
198,ladeinfrastruktur,4,3,2020-04
55,ladesaul,4,3,2019-12
104,ladestation,4,3,2020-02
55,lageplan,4,1,2019-03
163,lageplan,4,3,2019-07
107,lageso,4,3,2019-04
52,landesentwicklungsplan,4,1,2020-01
138,landesmindestlohn berlin 2020,4,2,2019-08
67,larm,4,3,2019-02
117,larm,4,3,2019-08
67,larmbelast,4,1,2020-05
80,latern,4,2,2019-11
61,lebenswelt orientiert raum,4,1,2020-02
56,lebenswelt orientiert raum lor in berlin,4,2,2019-05
72,lebenswelt raum,4,2,2019-12
141,leistungsmess,4,2,2020-05
116,lidar,4,4,2020-03
237,liegenschaftskart,4,4,2019-09
62,lk5,4,1,2019-06
97,lod1,4,3,2019-12
66,lor bezirksregion 2011,4,1,2020-02
30,lor planungsraum,4,1,2019-02
61,lsa,4,1,2019-06
113,luft,4,3,2019-04
43,luft,4,1,2020-04
234,luftaufnahm,4,2,2020-02
110,luftbild,4,3,2019-06
108,luftbild,4,2,2019-07
102,luftbild,4,2,2019-09
83,luftbild,4,3,2019-10
98,markt,4,2,2019-11
69,markt,4,1,2020-05
107,miet,4,3,2019-08
59,miet,4,3,2020-02
222,miet,4,3,2020-03
184,miet,4,4,2020-05
187,mietendeckel,4,3,2020-04
85,mietobergrenz,4,2,2019-06
106,mietspiegel,4,3,2019-06
41,mietspiegel,4,3,2020-01
76,migration,4,2,2019-12
46,migrationshintergrund,4,2,2019-07
59,mindestlohn,4,2,2019-12
68,mitt,4,3,2019-02
128,mitt,4,2,2019-03
65,moabit bredow,4,1,2019-06
51,mobilitat,4,3,2020-01
202,mobilitat,4,3,2020-02
59,modular unterkunft,4,1,2019-05
52,modular unterkunft fur fluchtling,4,2,2019-05
144,monitoring sozial stadtentwickl,4,3,2020-03
48,muse,4,2,2019-03
201,muse,4,3,2019-05
179,naturdenkmal,4,3,2019-06
49,neukolln,4,3,2020-03
142,niederschlag,4,2,2019-06
43,nois,4,2,2019-02
360,obdachlos,4,4,2019-03
58,offent,4,1,2019-07
129,offent toilett,4,3,2019-11
150,okokonto,4,3,2020-03
74,opengeodata,4,2,2019-12
154,organisation des trag der eingliederungshilf,4,2,2019-05
81,ortsteil,4,3,2019-02
120,pankow,4,2,2020-03
109,papi sammelstell,4,3,2019-02
149,park,4,2,2019-11
41,parkhaus,4,4,2020-04
158,parkzon,4,4,2019-11
41,pfleg,4,2,2019-03
65,pflegedien,4,3,2019-05
88,pflegeheim,4,2,2020-02
49,plz,4,1,2019-12
66,polizei,4,4,2019-02
45,polizei,4,2,2019-07
133,polizei,4,3,2019-11
95,postleitzahl,4,2,2019-07
46,postleitzahl,4,3,2020-01
131,postleitzahl,4,4,2020-03
122,postleitzahl,4,4,2020-04
63,postleitzahlengebeit,4,1,2019-11
133,potsdam str berlin,4,2,2019-04
74,pump,4,4,2020-05
98,rad,4,2,2019-04
59,rad,4,4,2019-07
78,rad,4,3,2019-10
50,rad,4,4,2020-01
135,radfahr,4,4,2019-08
90,radfahr,4,3,2019-11
72,radverkehr,4,4,2019-05
47,radverkehr,4,2,2019-06
72,radverkehr,4,4,2019-07
66,radverkehr,4,4,2019-12
54,radverkehrsanlag,4,1,2020-05
152,radweg,4,3,2019-12
71,rbs adress,4,4,2019-08
57,rbs adress,4,3,2019-09
207,rbs bezirk dezemb,4,2,2020-02
155,rbs block,4,3,2020-01
185,realtim,4,4,2019-10
373,recycl,4,4,2019-11
50,regional selt,4,1,2019-08
97,reinickendorf,4,3,2020-05
125,richtlini uber die anschlussforder von sozialwohn,4,3,2019-08
53,risiko,4,1,2020-05
88,ruhig gebiet,4,2,2019-12
69,s 1104,4,3,2019-05
51,s bahn,4,3,2019-03
171,s bahn,4,3,2019-09
70,s3106,4,1,2020-03
117,schul,4,3,2020-02
158,schulstandort digital,4,4,2019-12
43,schutzgebiet,4,1,2019-07
65,schwengelpump,4,1,2020-04
101,senatsbeschluss,4,3,2019-02
216,senatsbeschluss,4,4,2020-05
171,senatsbeschluss 28 03 2019,4,2,2019-06
99,senatsvorlag,4,3,2019-07
214,senatsvorlag recherchestipendi,4,2,2019-09
86,sgb ii,4,2,2019-07
39,shap,4,3,2020-01
59,shapefil,4,4,2019-03
48,shapefil,4,4,2019-04
45,shapefil,4,3,2019-06
108,shapefil,4,2,2020-04
62,shp,4,1,2019-08
179,sich,4,2,2019-08
68,smart,4,2,2020-05
127,soforthilf,4,3,2020-03
68,solar,4,2,2019-07
48,solar,4,2,2020-03
43,spandau,4,2,2019-03
68,spielplatz,4,3,2019-09
171,stadtbilbliothek spandau,4,2,2019-08
66,stadtentwickl,4,1,2019-11
179,stadtentwicklungsplan,4,4,2020-01
98,stadtplan,4,2,2019-03
119,stadtplan,4,3,2019-10
202,stadtteil,4,4,2019-05
432,stadtteil,4,4,2019-07
119,stadtteil,4,3,2019-08
223,stadtteil,4,4,2019-11
72,stadtviertel,4,2,2019-03
108,standort fur stationsbasiert carsharing,4,2,2020-02
156,standort von altpapiercontain in reinickendorf berlin,4,2,2020-02
197,statist gebiet berlin,4,3,2019-10
50,sterbefall,4,1,2020-04
43,straftat,4,2,2020-01
159,strassenkategori spreestr schonhorst berlin,4,3,2020-01
57,strassennetz,4,1,2020-03
90,strassenrein warnitz str,4,2,2020-04
159,strassenverzeichnis,4,3,2019-06
65,strassenverzeichnis,4,3,2019-08
61,strassenverzeichnis,4,3,2019-10
106,strassenverzeichnis,4,3,2020-02
44,strom,4,1,2019-10
181,teilnehm religionsunterricht,4,2,2020-01
87,tempelhof,4,4,2019-02
84,test,4,4,2020-01
63,tk25,4,1,2020-04
80,topograph,4,2,2019-03
108,tourismus,4,2,2019-02
51,tourismus,4,3,2019-07
43,tourismus,4,4,2020-03
109,tourismus allgauu,4,2,2020-04
48,traffic,4,2,2020-04
68,transport,4,3,2019-03
60,trees,4,1,2020-05
153,treptow kopenick,4,2,2019-05
116,treptow kopenick,4,2,2019-09
50,treptow kopenick,4,3,2020-02
81,trinkwass,4,3,2019-09
130,trinkwasseranalys,4,4,2020-03
172,trinkwasserbrunn,4,2,2019-11
61,trodelmarkt,4,4,2020-01
33,u bahn,4,2,2019-02
180,u bahn,4,4,2020-02
93,u bahn,4,2,2020-05
166,unterflurhydrant,4,2,2019-10
242,untergrundmodell,4,3,2019-07
71,vbb,4,3,2020-03
76,veranstaltun,4,3,2019-02
252,veranstaltun,4,3,2020-01
172,veranstaltun,4,3,2020-03
63,verbot buch,4,4,2019-05
69,verkehr,4,4,2019-03
50,verkehr,4,2,2019-04
198,verkehrsmeng,4,2,2019-12
223,verkehrsmeng,4,3,2020-03
38,vermess at ba fk berlin de,4,3,2020-01
53,verwalt,4,2,2020-01
110,verwaltungsgrenz,4,2,2020-03
77,vivant,4,3,2019-04
173,vordruck,4,2,2019-12
83,vorrangnetz,4,3,2020-04
60,wahl,4,3,2019-02
182,wahl,4,3,2019-04
108,wahl 2019,4,3,2019-05
89,wahlbezirk europawahl,4,3,2019-05
42,wahlkreis,4,1,2019-02
196,wahlkreis,4,4,2019-03
217,wahllokal,4,3,2019-04
82,wahllokal neukolln,4,3,2019-02
177,wahllokal steglitz zehlendorf,4,2,2019-04
65,wald,4,1,2020-02
96,wander,4,2,2019-11
55,wann wird der antik und buchermarkt am kupfergrab wied stattfind,4,1,2020-04
53,wannse,4,2,2019-09
50,warm,4,1,2019-06
57,wass,4,2,2019-02
60,wasserbetrieb,4,2,2019-11
122,webatlas,4,2,2020-03
248,weihnacht,4,4,2019-11
84,weihnacht,4,3,2019-12
61,werbung,4,2,2019-11
99,wett,4,3,2019-03
91,wfs,4,4,2019-11
49,wfs,4,2,2020-01
129,wie viel kind wurd 2018 in friedrichshein kreuzberg muhammed genannt,4,2,2019-04
45,wms,4,4,2020-01
133,wohnblock,4,3,2019-07
76,wohndau,4,3,2019-07
55,wohndau lor,4,2,2019-08
60,wohnlag franz mey str,4,1,2020-04
194,zensus,4,3,2019-03
72,zugriffsstatist,4,4,2019-11
52,zugzielanzeig s bahn berlin,4,1,2019-06
41,2019,5,2,2020-02
41,10553 berlin,5,1,2020-03
89,accommodation,5,2,2019-04
109,adlershof,5,5,2020-02
45,alkis berlin,5,1,2020-02
41,alkis gebaud,5,2,2019-04
106,alleinerzieh,5,3,2020-03
63,altlast,5,2,2020-05
181,arbeitslos,5,4,2019-09
41,arbeitslosenquot,5,1,2019-07
31,arbeitslosenstatist,5,2,2019-10
56,atkis,5,4,2019-07
60,baum,5,5,2019-03
71,baumbestand,5,3,2019-11
90,bebauungssplan,5,3,2019-03
121,berlin mau,5,3,2020-02
41,berlin wasserbetrieb,5,1,2019-11
53,berlinpass,5,3,2019-03
33,beschaftigt,5,1,2019-10
44,beschaftigt,5,2,2020-04
130,bezirksgrenz,5,5,2019-12
94,bik,5,4,2019-05
65,biotop,5,2,2019-07
53,block,5,2,2020-04
61,bod,5,2,2019-08
30,bod,5,3,2019-12
111,bodengesellschaft,5,2,2019-11
129,boschung,5,4,2019-09
47,breitband,5,3,2020-02
46,breitband,5,3,2020-05
92,bsr,5,3,2019-04
55,bsr,5,3,2019-06
37,crim,5,3,2020-04
44,csv,5,1,2019-05
54,denkmal,5,3,2019-03
88,dgm,5,3,2019-08
45,dgm,5,5,2019-09
36,dgm,5,4,2019-12
42,digital orthophotos,5,1,2019-08
88,dop,5,3,2019-09
35,dop,5,2,2020-01
47,dop or atom,5,1,2019-08
112,dynam index 2019,5,2,2019-11
205,e mobillity,5,4,2019-06
630,echt zeit luftqualitat,5,5,2019-05
29,echtzeit,5,3,2019-10
103,einwohn 2015,5,2,2019-11
42,einwohn nach wohndau,5,2,2020-02
40,einwohnerdicht,5,1,2019-07
198,einwohnerzahl,5,4,2019-05
80,einwohnerzahl,5,3,2019-07
34,einwohnerzahl von gesamtberlin,5,1,2020-01
90,energieatlas,5,3,2019-06
79,erstnam,5,5,2019-05
63,europawahl,5,5,2020-01
49,fahrrad,5,5,2019-02
40,feinstaub,5,2,2019-04
53,feuerwehr,5,2,2019-12
39,flach,5,2,2019-04
43,flughaf,5,2,2019-04
111,flur plan,5,2,2020-03
34,flurkart,5,2,2019-12
219,flurstuck,5,4,2020-01
136,flustucksbemass,5,3,2019-09
45,gebaud,5,2,2019-03
56,gebaud,5,4,2019-06
44,gebaud,5,2,2020-02
42,gehweg,5,2,2020-04
40,geltungsbereich,5,1,2019-11
98,gemark,5,5,2019-09
53,geodat,5,2,2019-08
34,geodat,5,3,2020-04
32,geodat grundwass,5,1,2020-03
38,geothermi,5,1,2019-07
33,gesund,5,1,2020-01
52,gewerb,5,2,2019-11
35,gis,5,4,2019-07
33,gml,5,1,2019-12
25,grundkart,5,1,2019-02
105,grundschul,5,3,2020-05
66,grundwass,5,2,2020-03
66,grunflach,5,3,2019-04
71,grunflach,5,4,2019-06
59,grunflach,5,3,2019-11
100,haf,5,2,2020-02
100,haltestell,5,4,2019-10
113,hamburg bahnhof orthofoto,5,2,2020-04
201,hartz 4,5,3,2019-08
81,haufig vornam 2018,5,2,2019-04
72,hoh,5,4,2019-08
124,hoh beschrank,5,3,2019-11
210,hydrant,5,3,2019-09
37,hydrant,5,3,2020-01
118,immobili,5,4,2019-04
45,immobili,5,3,2020-04
45,inspir,5,2,2019-04
161,josef orlopp strass,5,3,2020-01
41,kart,5,3,2020-05
28,katast,5,2,2019-02
58,katast,5,2,2019-09
56,kita,5,4,2019-03
94,kita,5,5,2019-11
39,kita,5,4,2020-04
37,kml,5,2,2019-09
41,krankenhaus,5,2,2019-08
80,krankenhaus,5,5,2020-03
67,kriminal,5,4,2019-04
83,kriminalitat,5,3,2020-02
92,ladesaul,5,3,2020-03
78,larm,5,5,2020-05
36,lastgang,5,1,2020-01
121,lastprofil,5,4,2019-02
56,lehr,5,3,2019-02
170,list der haufig vornam,5,5,2019-02
42,locker bei kneip,5,2,2020-05
34,lor ausland,5,1,2019-03
55,lor kart,5,2,2019-05
90,lor planungsraum,5,2,2019-09
68,luftbild,5,2,2019-08
40,marathon,5,1,2019-05
48,marzahn hellersdorf,5,3,2019-11
84,miet,5,5,2019-02
57,miet,5,5,2020-04
34,mietendeckel,5,2,2019-07
56,mietendeckel,5,3,2019-11
129,mietpreis,5,4,2020-04
58,migration,5,4,2019-08
105,mindestlohn,5,3,2020-04
40,moabit,5,4,2019-02
29,moabit west,5,1,2019-06
63,nam,5,3,2019-06
39,neukolln,5,3,2019-08
76,neukolln,5,2,2019-11
75,oberflachenmodell,5,4,2019-09
36,opnv,5,3,2019-06
75,opnv,5,2,2020-02
45,ostbahnhof wunsdorf waldstadt,5,1,2019-11
37,pankow,5,2,2019-10
30,parchwitz str,5,1,2020-03
58,park,5,4,2019-03
154,park,5,5,2019-04
62,park,5,4,2019-07
168,park,5,4,2020-04
38,parking,5,3,2019-05
74,parkraumbewirtschaft,5,3,2019-10
82,personalmanagementbericht,5,2,2019-10
43,pfleg,5,2,2019-12
91,plz,5,2,2019-03
95,plz,5,2,2020-02
43,polizei,5,3,2020-02
231,postleitzahl,5,5,2020-05
131,radfahr,5,4,2019-07
115,radfahr,5,4,2019-09
167,radfahr,5,3,2019-12
145,radweg,5,5,2019-05
65,radweg,5,4,2020-01
39,rbs,5,5,2019-10
30,rbs,5,4,2020-01
39,rbs,5,3,2020-02
42,religion,5,2,2019-09
49,s bahn,5,3,2019-04
96,s bahn,5,4,2020-01
93,schul,5,4,2019-04
173,senatsbeschluss,5,4,2019-10
40,senatsbeschluss,5,5,2019-12
109,senatsverwalt fur wirtschaft energi und betrieb umsatzsteu umsatzsteu,5,3,2019-04
92,sepa lastschriftverfahr,5,3,2019-03
41,sgb ii,5,1,2019-05
54,shapefil station,5,2,2019-12
38,shp,5,2,2019-04
40,shp,5,2,2020-02
45,soforthilf ii,5,2,2020-05
45,solar,5,1,2019-05
46,sozialatlas,5,1,2019-11
49,sozialstrukturatlas,5,2,2019-09
254,sozialstrukturatlas,5,3,2020-05
84,spandau,5,4,2019-11
115,sport,5,2,2020-03
92,sport,5,4,2020-05
67,stadtbezirk,5,3,2019-07
42,stadtteil,5,5,2019-03
246,startup,5,4,2020-02
32,statist block,5,1,2019-06
110,statist block,5,2,2019-08
76,statist gebiet,5,3,2020-01
241,stolperstein,5,4,2020-02
75,strass,5,3,2019-10
82,strass 52a,5,2,2019-07
73,strassenbaumpflanz,5,5,2020-02
85,strassennam,5,3,2020-03
81,strassennam list,5,3,2020-03
43,strat larmkart 2017,5,1,2019-08
40,sudwestkorso,5,1,2019-09
34,temperatur,5,1,2019-10
89,toilett,5,4,2020-01
66,tourismus,5,5,2020-04
41,tourismus nachhalt,5,1,2019-06
39,trinkbrunn,5,3,2019-06
94,umsetz or transparent or liegenschaftspolit,5,2,2019-07
66,unfall,5,4,2019-05
95,vbb gtfs,5,2,2019-08
39,verkehr wms,5,1,2019-09
50,verlauf der berlin mau,5,1,2019-11
39,vermess at ba fk berlin de,5,5,2019-11
38,vermess at ba fk berlin de,5,4,2020-02
69,viertel,5,3,2020-04
130,vornam 2018,5,3,2019-05
47,wahl,5,4,2019-05
102,wahlbezirk 518,5,2,2019-05
43,wald,5,2,2020-05
90,wass,5,3,2020-02
89,wass,5,3,2020-03
26,wasserbetrieb,5,2,2019-02
47,weihnachtsmarkt,5,2,2019-07
44,wikipedia,5,1,2019-09
34,wms,5,3,2019-04
47,wochenmarkt berlin,5,2,2019-02
86,wohnbauflach,5,2,2020-03
57,wohndau,5,2,2020-02
47,wohnein,5,2,2019-09
37,wohnlag,5,3,2019-12
44,adress,6,4,2019-08
44,adress,6,4,2020-03
33,alt,6,3,2019-11
52,ampel,6,5,2019-09
30,api,6,2,2020-04
59,api,6,4,2020-05
208,arbeitslos,6,5,2020-03
37,atlas,6,2,2019-08
40,ba fk berlin de,6,1,2020-05
71,baum,6,5,2019-05
99,baum,6,5,2019-10
59,baumbestand,6,3,2019-09
53,bebauungssplan,6,3,2019-10
131,bebauungssplan,6,4,2020-02
52,berlin mau,6,3,2020-05
26,bevolker,6,2,2019-06
36,bezirkskart spandau,6,1,2019-08
62,bibliothek,6,3,2019-09
25,biotop und artenschutz biotop und artenschutz,6,1,2019-07
56,block,6,3,2019-08
55,block,6,2,2019-09
36,bodenrichtwert,6,3,2019-10
36,brandenburg,6,1,2020-05
33,bvg,6,6,2019-04
37,bvg,6,3,2019-06
70,charit√©,6,5,2019-04
69,denkmal,6,5,2019-06
103,denkmal,6,4,2019-08
57,dgm,6,4,2019-04
41,diversity,6,3,2019-10
84,einkomm,6,5,2019-04
32,einkomm,6,2,2019-11
56,einkomm,6,5,2020-04
100,einschulbereich,6,4,2019-04
44,einwohn,6,5,2019-12
74,einwohnerdicht,6,4,2019-08
49,einwohnerinn und einwohn in berlin,6,5,2020-05
22,einwohnerinn und einwohn in berlin in lor planungsraum wohnlag wohndau herkunft ausland migrationshintergrund,6,4,2020-01
228,elektroaltgerat,6,3,2020-01
21,energieverbrauch,6,2,2020-01
39,entsorg,6,1,2020-05
225,erbbaurecht,6,5,2019-11
48,fahrplan,6,5,2019-07
44,fahrradstand,6,2,2020-01
30,feinstaub,6,3,2019-07
63,fis brok,6,5,2020-02
27,flachennutz,6,1,2019-10
39,flurstuck,6,3,2020-03
29,freistell,6,1,2020-03
177,friedrichshain kreuzberg,6,5,2019-12
36,gebaud,6,3,2019-04
56,geburt,6,2,2019-09
49,geburt,6,5,2020-02
30,gemeinschaft mit korperschaftsstatus,6,1,2019-03
31,geodat luftbild,6,1,2020-02
42,geologi,6,2,2019-05
27,geologi wms wfs,6,1,2020-03
26,gewass,6,1,2019-10
61,gewerbeanmeld,6,4,2020-04
37,grundstuck,6,1,2020-05
99,grundstuck erbbauberechtigt,6,3,2019-02
50,grundwass,6,3,2019-07
132,grundwassermessstell,6,5,2019-07
58,gtfs,6,4,2019-04
35,haltestell,6,6,2019-06
62,haltestell,6,4,2020-02
78,haushalt,6,4,2019-12
101,haushaltsplan 2019 2020,6,2,2020-02
25,histor kart,6,1,2020-04
30,hotel,6,4,2019-04
31,kart,6,4,2019-06
27,kindergart,6,3,2019-11
55,kriegsschad berlin,6,2,2019-10
47,kriminalitat,6,5,2019-12
62,kriminalitat,6,5,2020-01
30,larmbelast,6,1,2019-08
34,lebenswelt,6,1,2020-02
29,liegenschaftskatast,6,2,2020-04
28,list,6,1,2020-04
60,lod2,6,4,2019-05
55,luftbild,6,3,2019-04
78,miet,6,5,2020-01
49,mietspiegel,6,5,2019-05
31,mietspiegel,6,5,2020-03
36,mitt,6,2,2019-11
37,mobilitat,6,6,2019-11
23,nam,6,4,2019-02
28,nam,6,4,2019-12
56,nam,6,4,2020-05
38,naturschutz,6,2,2019-10
60,orthophoto,6,3,2020-01
29,ortsteil,6,3,2019-03
60,ozon,6,6,2019-08
34,pankow,6,3,2020-05
75,park,6,4,2020-01
46,plz,6,2,2019-09
37,polizei,6,5,2019-04
60,rad,6,4,2019-06
46,radrout,6,5,2019-05
61,rbs,6,3,2020-03
88,rbs bezirk,6,5,2019-07
134,s3106,6,3,2020-05
92,schul,6,6,2019-07
85,schul,6,6,2019-11
79,senatsbeschluss,6,6,2019-09
82,senatsbeschluss,6,4,2020-02
24,shap,6,3,2019-07
35,shapefil,6,5,2019-08
26,shp,6,2,2019-03
38,solaranlag,6,2,2020-03
56,stadtplan,6,4,2020-02
59,stadtplan,6,3,2020-04
88,stadtteil,6,6,2020-05
29,standardlastprofil,6,2,2019-08
46,standort,6,2,2020-02
75,strass,6,4,2020-04
153,strass,6,4,2020-05
24,strassenbefahr 2014,6,2,2019-10
244,strassennam,6,5,2019-05
31,strassennam,6,2,2019-09
65,strassennetz,6,2,2019-09
147,strassenverzeichnis berlin,6,3,2019-05
141,subway,6,3,2019-03
47,toilett,6,5,2020-04
58,topograph,6,3,2020-05
38,tourismus,6,5,2019-08
85,umwelt zon verkehr,6,3,2019-12
22,umweltzon,6,2,2020-03
31,utm,6,2,2019-08
36,vbb,6,4,2019-05
70,verbraucherpreis,6,5,2020-05
51,verkehr,6,4,2019-06
21,verkehrslenk,6,3,2020-03
130,verkehrsmeng,6,4,2019-02
26,vermess,6,3,2020-03
51,vornam,6,5,2019-12
73,wahl,6,4,2019-08
53,wahl,6,2,2019-11
34,wass wms wfs,6,2,2020-03
35,webatlas,6,4,2019-03
31,wifi,6,4,2019-11
36,wms,6,5,2019-03
27,wohnlag,6,3,2020-01
103,wohnlag,6,3,2020-03
32,wohnlagenzuordn,6,2,2020-02
64,wohnung,6,2,2019-06
89,wohnung,6,3,2019-08
60,wohnungsmiet,6,2,2019-10
28,zaa,6,1,2019-03
23,2009,7,1,2019-11
35,2017,7,3,2019-11
30,adress,7,5,2019-09
38,aktuell einwohnerzahl,7,4,2020-04
38,alkis,7,4,2019-06
81,alkis,7,6,2020-02
35,alkis,7,6,2020-05
19,alt,7,4,2020-04
42,arbeitslos,7,3,2019-10
22,ausland,7,2,2019-08
61,baufertigstell,7,3,2019-05
35,bericht,7,2,2020-02
31,berlin,7,3,2019-07
57,besucherzahl,7,5,2020-01
87,beteiligungsdatenbank,7,5,2019-11
63,bezirk,7,6,2019-09
36,bezirk mitt,7,3,2019-09
50,bezirksgrenz,7,5,2019-10
23,block,7,1,2019-06
20,bod,7,3,2019-10
77,bodenrichtwert,7,4,2019-07
50,bodenrichtwert,7,3,2019-09
23,breitband,7,3,2020-04
29,brunn,7,5,2020-05
114,covid 19,7,5,2020-03
24,denkmalkart,7,2,2020-04
33,dop,7,5,2019-07
42,einkomm,7,5,2019-12
30,einwohn,7,6,2019-11
21,einwohn in den ortsteil,7,5,2019-10
62,einwohnerzahl,7,4,2019-03
31,emission,7,1,2020-05
25,energi,7,3,2020-01
29,energieverbrauch,7,5,2019-04
26,europawahl,7,4,2019-11
48,fahrplan,7,3,2020-02
31,fahrrad,7,5,2019-03
42,fahrrad,7,6,2020-03
64,feuerwehr,7,4,2019-03
89,fis brok,7,6,2019-03
50,fluchtling,7,3,2019-05
62,flurkart,7,6,2019-11
95,flurstuck,7,4,2019-04
49,friedrichshain,7,6,2019-08
24,friedrichshain kreuzberg,7,3,2019-08
32,geburt,7,3,2020-01
96,gemark,7,5,2020-04
28,gewass,7,2,2019-09
53,grenz,7,3,2019-04
25,grenz,7,3,2020-03
63,grundschul reinickendorf,7,3,2019-04
51,grunflach,7,4,2019-10
27,gtfs,7,7,2019-06
32,gtfs,7,7,2020-05
39,haltestell,7,6,2019-07
37,haushalt,7,3,2019-03
46,haushalt,7,4,2020-04
19,isu5,7,1,2020-01
47,kart,7,2,2019-11
48,katast,7,6,2019-08
47,kita,7,4,2019-04
30,kita,7,5,2019-06
62,kita,7,5,2020-05
19,klima,7,4,2019-09
34,kultur,7,2,2019-02
57,larm,7,3,2019-10
19,lebenswelt,7,2,2019-02
78,liegenschaftskart,7,6,2019-07
127,lod1,7,5,2019-11
46,lor planungsraum,7,4,2019-08
46,lor shp,7,4,2019-06
54,miet,7,5,2019-10
69,mindestlohn,7,6,2020-02
104,mobilitat,7,4,2019-04
33,naturdenkmal,7,5,2020-03
18,neukolln,7,4,2019-09
40,opnv,7,6,2020-04
48,orthophoto,7,5,2019-06
53,ortsteil,7,3,2019-05
32,park,7,6,2019-09
117,park,7,6,2019-12
68,platz,7,3,2019-11
28,postleitzahl,7,2,2019-06
86,postleitzahl,7,4,2019-09
50,postleitzahl,7,4,2019-12
43,rbs,7,7,2019-06
18,rbs block,7,2,2019-02
115,rbs block,7,4,2019-04
29,reinickendorf,7,4,2020-02
51,schlierseestr,7,3,2020-04
43,schul,7,4,2019-05
61,schulerticket,7,3,2019-04
24,seniorensport,7,7,2019-05
33,shapefil,7,6,2019-05
45,shapefil,7,6,2019-10
22,shp,7,3,2019-06
35,sozial,7,3,2019-10
28,sozialstruktur,7,1,2020-05
16,statist block,7,2,2019-02
66,statist gebiet,7,2,2020-05
78,steglitz zehlendorf,7,6,2020-02
20,strassenbefahr,7,2,2019-07
64,strassenbefahr,7,4,2020-02
35,strassenverzeichnis,7,5,2019-04
22,strom,7,3,2019-09
18,todesursach,7,1,2020-01
26,topograph,7,2,2019-04
21,transport,7,3,2019-07
100,trinkbrunn im bezirk,7,5,2019-09
44,u bahn,7,5,2019-03
40,u bahn,7,3,2020-03
21,umwelt,7,4,2019-12
52,umweltatlas,7,3,2019-04
49,umweltatlas,7,4,2019-07
32,unterkunft,7,2,2019-04
25,vbb,7,7,2019-12
96,verarbeitungsbetrieb eier,7,3,2020-02
26,verkehr,7,5,2019-05
24,wass,7,4,2019-09
22,wasserbetrieb,7,1,2019-03
28,weihnachtsmarkt,7,5,2019-10
24,wfs,7,2,2019-03
30,wfs,7,1,2020-05
22,wms,7,3,2020-04
23,wohnatlas,7,1,2019-09
53,zahlstell,7,7,2019-07
18,2017,8,2,2019-03
20,adress,8,4,2020-04
22,alkis,8,5,2019-02
23,alt,8,3,2019-12
25,arbeitslos,8,2,2019-11
33,baum,8,6,2019-08
38,berlin k5,8,2,2020-05
67,bevolkerungsdicht,8,5,2020-03
18,brandenburg,8,3,2019-08
31,bvg,8,5,2020-04
90,carsharing,8,6,2020-05
17,einkomm,8,4,2019-02
40,einwohn,8,5,2019-06
20,einwohnerinn und einwohn in berlin,8,1,2019-03
29,einwohnerinn und einwohn in berlin in lor planungsraum,8,3,2019-05
74,einwohnerinn und einwohn in berlin in lor planungsraum,8,5,2020-02
23,einwohnerinn und einwohn in berlin in lor planungsraum wohnlag wohndau herkunft ausland migrationshintergrund,8,3,2020-02
22,einwohnerinn und einwohn mit migrationshintergrund in berlin in lor planungsraum,8,1,2019-04
35,einwohnerzahl,8,7,2020-04
111,einwohnerzahl 2019,8,6,2020-01
27,energi,8,5,2019-04
46,fahrrad,8,7,2019-04
17,flach,8,1,2020-04
19,flachennutzungsplan,8,3,2019-03
57,flurkart,8,3,2020-05
42,flurstuck,8,4,2019-06
65,flurstuck,8,8,2019-10
22,friedrichshain kreuzberg,8,5,2020-02
52,gebaud,8,5,2020-03
23,grun,8,2,2020-05
27,grunflach,8,3,2020-02
17,gutachterausschuss,8,1,2019-12
32,hoh,8,4,2020-04
66,kita,8,6,2019-09
18,kita,8,8,2020-03
33,ladesaul,8,5,2020-05
27,lor,8,3,2019-02
16,lor,8,5,2020-01
24,lor kart,8,3,2019-04
48,luftbild,8,4,2020-01
35,luftbild,8,3,2020-03
78,miet,8,7,2019-04
19,mietentwickl berlin,8,1,2019-10
15,open data,8,1,2019-07
13,pankow,8,5,2020-01
14,parkplatz,8,3,2019-07
15,polizei,8,5,2020-01
37,postleitzahl,8,5,2019-05
22,postleitzahl,8,5,2019-10
42,radfahr,8,4,2019-04
77,rbs adress,8,5,2019-06
81,senatsbeschluss,8,7,2020-04
23,shapefil,8,7,2019-07
20,shapefil,8,7,2019-11
14,shp,8,1,2020-01
16,shp,8,2,2020-04
20,standort,8,1,2019-12
53,steglitz,8,6,2020-02
19,strassenbefahr,8,1,2019-06
35,strassenverzeichnis,8,7,2019-09
58,strassenverzeichnis,8,5,2020-03
33,tourismus,8,6,2019-09
167,verdien gart landschaftsbau,8,5,2019-08
21,verkehr,8,2,2019-08
24,verkehr,8,3,2020-03
17,versiegel,8,2,2019-11
25,verwaltungsvorschrift,8,7,2019-04
43,vornam,8,5,2019-09
16,wahl,8,2,2019-09
34,wahlbezirk,8,6,2019-05
37,wfs,8,2,2019-07
18,wms,8,2,2019-12
25,adress,9,3,2019-03
14,adress,9,3,2019-10
20,alkis,9,6,2019-05
39,alkis,9,5,2019-12
38,baum,9,7,2019-09
70,baum,9,9,2020-04
39,bevolker,9,7,2019-05
28,bevolker,9,7,2019-07
36,bezirk,9,7,2019-02
47,bodenrichtwert,9,6,2019-03
33,bodenrichtwert,9,3,2020-02
149,einwohn 2017,9,9,2019-03
16,einwohn berlin in lor planungsraum,9,1,2019-04
19,einwohn lor planungsraum,9,2,2020-03
30,einwohnerinn und einwohn,9,5,2019-05
94,einwohnerinn und einwohn in berlin in lor planungsraum,9,4,2020-05
26,einwohnerzahl,9,3,2019-12
23,einwohnerzahl,9,6,2020-01
76,europawahl 2019,9,6,2019-05
33,fahrrad,9,7,2019-06
21,fahrrad,9,9,2019-09
31,fahrrad,9,8,2020-01
49,fahrradstand,9,7,2019-11
32,flurstuck,9,7,2019-08
27,geltungsbereich,9,5,2019-07
45,gemark,9,8,2019-08
27,gtfs,9,9,2019-08
57,haushalt,9,6,2019-05
19,katast,9,5,2019-11
12,lichtenberg,9,3,2019-04
17,lor,9,6,2019-07
33,luftbild,9,5,2019-03
36,neukolln,9,4,2020-02
48,orthophoto,9,6,2020-05
14,ortsteil,9,4,2019-09
38,ortsteil,9,6,2019-12
24,parkraum,9,6,2019-12
15,polizei,9,4,2019-08
21,poll,9,5,2019-04
26,rbs,9,6,2019-09
86,schul,9,8,2019-02
45,schul,9,6,2019-12
66,schul,9,6,2020-01
57,senatsbeschluss,9,7,2019-08
15,servic,9,1,2020-03
69,student,9,4,2020-03
93,tankstell,9,8,2019-07
37,toilett,9,5,2020-02
140,topograph,9,8,2020-02
57,u bahn,9,5,2019-07
16,umweltzon,9,4,2019-12
32,vbb,9,8,2019-07
20,verkauv erbbaubelastet grundstuck an den erbbauberechtigt,9,3,2019-02
12,verkehr,9,6,2019-02
19,verkehr,9,3,2020-05
18,vermess at ba fk berlin de,9,4,2019-07
15,wahl,9,4,2019-03
28,wahllokal,9,4,2019-05
11,xml,9,1,2019-12
17,adress,10,4,2020-01
20,adress,10,7,2020-02
39,alkis,10,7,2019-03
9,alleinerzieh,10,4,2019-02
25,altlast,10,3,2019-08
10,ausland,10,1,2019-12
29,bezirk,10,6,2020-01
23,block,10,2,2019-10
19,bodenrichtwert,10,4,2019-08
9,bodenrichtwert,10,2,2019-12
16,bvg,10,9,2019-03
13,coronavirus,10,4,2020-03
16,dgm,10,4,2019-06
19,einkomm,10,6,2019-05
9,einkomm,10,3,2019-10
11,finanz,10,2,2020-01
29,flurstuck,10,6,2019-07
48,flurstuck,10,9,2019-09
26,gebaud,10,7,2019-07
38,gemark,10,9,2019-11
33,grundwass,10,3,2020-04
14,gtfs,10,8,2019-02
29,gtfs,10,9,2019-09
32,gtfs,10,10,2019-10
31,hauskoordinat,10,4,2019-04
27,lichterfeld histor kart,10,4,2019-12
40,liegenschaftskart,10,7,2019-08
41,lod2,10,8,2019-09
11,lor planungsraum,10,1,2019-05
23,lor planungsraum,10,5,2020-03
44,lor planungsraum am 31 12 2008,10,3,2020-05
11,luft,10,6,2019-10
62,miet,10,8,2019-12
36,ortsteil,10,3,2020-03
12,ozon,10,8,2019-07
27,polizei,10,5,2019-09
34,postleitzahl,10,5,2019-08
44,senatsbeschluss,10,6,2019-11
13,senior,10,1,2019-05
9,shap,10,3,2019-04
20,shapefil,10,5,2019-09
29,shapefil,10,5,2019-12
20,sport,10,2,2019-04
91,strass,10,6,2019-07
32,strassenbefahr,10,5,2019-05
24,vbb,10,6,2019-06
13,vbb,10,8,2019-10
27,vbb,10,8,2020-05
132,vornam 2018,10,8,2020-01
42,wass,10,4,2019-11
14,wohn,10,3,2019-11
10,wohndau,10,3,2019-03
23,wohnlag,10,4,2019-04
31,adress,11,6,2019-05
14,afs,11,4,2019-12
7,api,11,4,2019-04
9,atkis,11,2,2019-05
10,atkis,11,1,2019-08
18,ausland einwohn,11,3,2020-02
7,basis dlm,11,1,2020-01
23,block,11,4,2019-03
5,bod,11,1,2019-04
12,bodenrichtwert,11,4,2020-04
13,bvg,11,6,2020-05
20,einkomm,11,7,2020-01
20,einkomm,11,4,2020-03
25,einwohn,11,7,2019-10
24,einwohn,11,6,2020-02
45,einwohnerzahl,11,9,2020-03
12,erdwarm,11,1,2020-05
19,europawahl,11,6,2019-04
25,fahrrad,11,10,2020-05
28,flachennutz,11,3,2019-04
6,gebaud,11,3,2019-02
9,gesund,11,3,2020-04
13,gtfs,11,10,2020-04
36,krankenhaus,11,8,2020-04
10,larmkart,11,1,2020-04
12,liegenschaftskart,11,4,2019-05
21,lor planungsraum,11,5,2019-03
18,luftbild,11,4,2020-05
43,miet,11,8,2019-11
30,mietspiegel,11,4,2020-02
46,migrationshintergrund,11,10,2019-03
18,nam,11,7,2019-11
22,ortsteil,11,6,2019-11
23,pump,11,9,2019-05
32,rbs block,11,7,2019-03
73,senatsbeschluss,11,10,2019-06
8,shp,11,2,2019-12
13,strass,11,4,2019-02
31,strass,11,5,2019-12
27,strassenverzeichnis,11,5,2019-05
47,trodelmarkt,11,10,2020-05
12,vbb,11,8,2019-03
6,vbb,11,6,2019-04
14,wohn,11,3,2020-03
12,alkis,12,4,2020-03
14,arbeitslos,12,4,2019-04
54,baum,12,10,2019-11
32,baum,12,6,2019-12
20,baum,12,6,2020-05
21,bezirk,12,7,2019-05
24,bezirk,12,7,2020-05
12,breitband,12,2,2019-12
8,bundestagswahl,12,3,2020-01
13,dgm,12,7,2019-07
34,digital orthophotos,12,5,2019-06
13,dop,12,5,2020-02
26,einkomm,12,4,2020-02
26,einwohn,12,7,2020-05
17,feuerwehr,12,5,2019-09
24,flurkart,12,8,2019-02
15,flurkart,12,10,2019-10
10,geologi,12,2,2020-03
7,geometri,12,5,2019-03
11,gewass,12,5,2019-06
14,gewass,12,3,2019-08
28,gtfs,12,11,2019-11
19,kart,12,3,2019-07
21,land,12,4,2020-05
13,luftbild,12,4,2019-12
15,ortsteil,12,5,2020-02
18,rbs,12,8,2019-04
19,rbs,12,7,2019-12
28,schul,12,9,2019-08
34,schul,12,9,2019-09
53,senatsbeschluss,12,10,2020-03
6,umweltatlas,12,2,2019-10
15,vbb,12,7,2019-02
34,vbb,12,10,2019-11
28,vbb,12,10,2020-01
14,vbb,12,10,2020-02
17,vornam,12,10,2019-08
16,wms,12,3,2020-05
10,zugriff,12,1,2019-09
8,bezirk,13,7,2019-04
26,bezirk,13,9,2019-08
17,bezirk,13,11,2020-03
28,dgm,13,7,2020-03
49,digital farbig orthophoto 2018,13,11,2019-06
12,dop20rgb,13,2,2019-06
8,einkomm,13,9,2019-03
16,einwohn,13,6,2019-07
8,einwohn,13,7,2020-04
9,energi,13,1,2019-09
17,fahrrad,13,8,2019-05
22,fahrrad,13,11,2019-12
17,friedrichshain kreuzberg,13,4,2019-10
18,gemark,13,9,2019-10
7,geodat,13,5,2019-02
4,geometri,13,4,2019-04
9,geometri,13,4,2019-07
15,gtfs,13,12,2019-12
8,json,13,3,2019-11
11,krankenhaus,13,5,2019-09
15,lor,13,10,2019-04
17,lor,13,9,2020-02
8,lor einwohn,13,1,2019-06
20,luftbild atom,13,3,2019-08
10,nam,13,7,2020-01
15,orthophoto,13,5,2020-04
21,ortsteil,13,9,2020-04
21,ozon,13,7,2019-06
11,rbs,13,6,2019-02
44,senatsbeschluss,13,11,2019-04
13,strass,13,6,2019-03
15,vornam,13,12,2020-05
104,wahllokal 2019,13,6,2019-05
21,adress,14,5,2019-02
13,alkis,14,8,2019-04
15,arbeitslos,14,8,2019-06
30,berlin mau,14,9,2019-10
36,bezirksamt friedrichshain kreuzberg von berlin vermess,14,6,2019-07
25,bvg,14,8,2019-09
11,einwohn,14,5,2019-04
17,energieverbrauch,14,9,2019-03
18,europawahl,14,13,2019-05
22,fahrrad,14,12,2019-07
16,fahrrad,14,12,2019-10
7,fahrrad,14,9,2020-04
17,flurkart,14,9,2019-04
25,flurstuck,14,8,2019-05
24,gebaud,14,9,2020-01
14,gebaud,14,6,2020-04
11,gtfs,14,13,2019-07
11,gtfs,14,11,2020-03
6,lor planungsraum,14,1,2020-01
10,ortsteil,14,10,2019-07
27,schul,14,11,2019-03
3,strass,14,7,2019-04
25,strass,14,7,2020-02
16,temperatur,14,4,2019-08
7,toilett,14,8,2019-12
13,vbb,14,9,2019-09
6,wass,14,5,2019-05
6,wms,14,5,2020-03
9,wohndau,14,3,2020-03
12,alkis,15,7,2020-01
35,bezirk,15,8,2019-12
28,bezirk,15,11,2020-02
27,bezirk,15,10,2020-04
5,bodenrichtwert,15,3,2020-03
15,einwohnerinn und einwohn in berlin in lor planungsraum,15,5,2019-09
9,einwohnerzahl,15,3,2019-11
21,fahrrad,15,12,2019-11
14,flurkart,15,12,2019-06
10,geometri,15,5,2019-06
19,grw,15,6,2020-02
11,luftbild,15,3,2020-04
25,miet,15,10,2019-06
21,park,15,8,2020-02
22,rbs,15,8,2019-05
5,shp,15,4,2019-05
4,umweltatlas,15,1,2020-03
6,verkehr,15,3,2019-07
10,verkehr,15,7,2019-10
6,verkehr,15,7,2019-12
8,vornam,15,13,2019-07
6,wms,15,8,2019-11
18,alkis,16,2,2020-04
9,bezirk,16,10,2019-06
10,block,16,4,2019-02
4,csv,16,3,2019-02
11,einwohnerinn und einwohn in berlin,16,3,2020-02
16,einwohnerinn und einwohn in berlin in lor planungsraum,16,4,2020-03
16,einwohnerinn und einwohn mit migrationshintergrund in berlin in lor planungsraum,16,5,2020-02
12,fahrrad,16,12,2019-08
14,flurkart,16,8,2019-03
12,lor,16,10,2019-09
6,migrationshintergrund,16,5,2019-06
7,nam,16,11,2019-05
9,rbs,16,9,2019-08
12,volkshochschul,16,5,2019-10
23,wass,16,5,2019-08
9,berlin,17,5,2020-02
13,bezirk,17,12,2019-11
24,bezirksgrenz,17,7,2019-11
4,bod wms,17,3,2019-11
9,einwohn nach wohndau,17,9,2020-01
3,energieverbrauch,17,11,2019-02
2,fairtrad,17,9,2019-02
7,gebaud,17,6,2019-08
5,geometri,17,5,2019-02
8,kind,17,3,2020-05
17,mietendeckel,17,13,2019-06
4,mitt,17,5,2020-02
20,ortsteil,17,5,2019-06
5,wass,17,6,2019-06
16,dgm,18,7,2019-05
9,gebaud,18,4,2020-05
5,kita,18,11,2020-02
72,list der haufig vornam,18,14,2019-04
5,lor,18,7,2019-11
5,planungsraum,18,3,2020-05
6,radrout,18,9,2019-09
12,strass,18,7,2019-11
8,vornam,18,12,2019-02
18,vornam,18,14,2019-06
15,weihnachtsmarkt,18,11,2019-11
4,bevolker,19,4,2019-03
7,einwohn,19,12,2020-03
8,fahrrad,19,10,2020-02
5,gebaud,19,7,2019-12
13,grunanlag,19,15,2019-06
16,rbs,19,9,2019-11
1,shp,19,4,2019-02
8,trinkbrunn,19,17,2019-09
3,verkehr,19,6,2020-02
5,vermess at ba fk berlin de,19,11,2019-09
8,alkis,20,13,2019-10
10,gtfs,20,19,2019-05
10,haushalt,20,2,2020-02
10,lor planungsraum,20,7,2019-11
14,luftbild,20,6,2019-05
7,luftbild,20,5,2019-11
3,toilett,20,6,2020-03
11,vbb,20,13,2019-08
2,vermess at ba fk berlin de,20,9,2020-05
3,wfs,20,2,2019-10
11,corona,21,17,2020-05
9,energi,21,7,2019-03
17,grunflach,21,11,2020-05
1,lichtenberg,21,8,2020-02
2,lor,21,9,2020-03
4,rbs,21,3,2020-05
22,schul,21,9,2020-05
2,vornam,21,11,2019-04
5,bezirk,22,9,2019-10
15,flurkart,22,12,2019-05
7,lor,22,11,2019-10
5,u bahn,22,9,2020-01
6,vornam,22,15,2019-03
2,vornam,22,17,2019-11
6,vornam,22,15,2020-02
6,alkis,23,7,2019-08
5,bvg,23,10,2019-08
11,einwohnerinn und einwohn in berlin in lor planungsraum,23,7,2019-03
26,einwohnerinn und einwohn in berlin in lor planungsraum,23,12,2020-04
8,flurkart,23,18,2019-08
4,gebaud,23,16,2019-10
14,haushalt,23,10,2020-05
4,kart,23,4,2019-08
4,lor,23,10,2020-04
7,nam,23,8,2020-02
12,block,24,6,2020-02
3,einwohn,24,13,2019-03
6,rbs,24,5,2020-04
2,verkehr,24,8,2020-04
2,wass,24,5,2019-10
11,adress,25,8,2019-11
3,alkis,25,15,2019-11
3,einwohnerinn und einwohn in berlin in lor planungsraum,25,9,2020-01
7,flurkart,25,21,2019-09
5,schul,25,11,2020-04
13,strass,25,8,2019-08
4,strom,25,4,2019-12
5,bezirk,26,18,2019-03
2,gtfs,26,23,2020-02
7,strass,26,8,2019-06
3,vermess at ba fk berlin de,26,6,2019-12
7,bezirk,27,11,2019-07
8,block,27,4,2020-03
3,verkehr,27,6,2019-09
2,adress inspir,28,2,2019-05
3,einwohn,28,5,2019-08
3,grunanlag,28,16,2020-05
10,ortsteil,28,8,2020-05
8,strass,28,13,2019-05
5,adress,29,8,2019-07
10,lor planungsraum,29,12,2019-04
1,ortsteil,29,12,2019-04
6,spielplatz,29,14,2020-05
1,vornam,29,17,2019-10
4,grunanlagenbestand,30,20,2019-06
3,kart,30,4,2020-04
4,lor,30,11,2019-05
2,rbs,30,11,2019-07
1,verkehr,32,9,2019-11
4,vornam,33,24,2020-01
3,wms,34,3,2019-06
1,corona,35,26,2020-04
2,verkehr,35,16,2020-01
4,alkis,36,20,2019-09
7,grunanlagenbestand,36,27,2020-05
1,lor,36,9,2019-03
3,alkis,37,14,2019-07
3,einwohn,37,13,2019-05
2,rbs,37,17,2019-03
4,flurkart,38,22,2019-07
2,lor,39,9,2019-08
1,gtfs,41,35,2020-01
2,strass,41,12,2019-09
2,lor,44,36,2019-12
1,vermess at ba fk berlin de,44,16,2019-08
1,lor,58,8,2019-06
2,wfs,59,6,2019-06
1,friedrichshain kreuzberg,71,27,2020-05
1,amt fur statist,80,4,2019-12
1,geodat,87,7,2019-07
1,corona,96,76,2020-03
1,vornam,97,71,2019-05
1,wfs,131,13,2019-09